review_text,review_rating
"Awal potong disini pelayanan masih bagus. Mungkin karena pas pandemi juga ya, jadi yang potong rambut ga antri. Tapi beberapa hari lalu pas mau potong rambut, resepsionis bilang masih antri 4 orang. Saya tanya kira-kira berapa jam lagi, katanya 1 jam. Akhirnya setelah menulis di list reservasi, saya bilang ke resepsionis bahwa saya keluar dulu untuk makan siang dan sholat. Satu jam kemudian saya balik lagi, barber sedang menangani customer lain dan bilang giliran saya setelah customer tersebut. Tapi setengah jam lebih kemudian, setelah customer tersebut selesai, barber keluar. Saya pikir mungkin istirahat sebentar atau apa. Tapi kok pas balik lagi, dia malah menangani customer lain. Saya tanya resepsionis kok bukan saya yang dipanggil, dia hanya maaf maaf saja tapi tidak memberi solusi. Barber lainnya juga sangat lama menangani customer. Waktu saya datang, potongannya masih setengah jalan, tapi hampir satu jam saya nunggu disitu, dia belum selesai juga motong rambutnya. Entah sebenarnya standar potong rambut premium itu berapa jam ya? Akhirnya karena kelamaan nunggu dan ga jelas kapan akan ditangani, saya keluar saja lah. Ga jadi potong rambut.",1
"Barber yang paling ga worth it yang pernah saya temui. Harga potongan 50ribu tapi dari segi pelayanan tidak menunjukkan bahwa barber ini 'premium', padahal judul layanannya aja 'premium haircut'. Dari segi pelayanan kurang memuaskan, krn setelah receptionist memanggil nama tidak langsung mengarahkan kustomer ke tempat potong yang ada, sehingga sempat salah duduk. Terus dari segi kualitas potongan juga tidak sesuai ekpektasi, saya minta agar dipotong sedikit lebih pendek ternyata malah dibuat cukup pendek. Sehingga dari segi kualitas saya anggap kurang dan kurang memuaskan. Barberman juga seperti keburu istirahat dan cukup grusa grusu, dan kurang melayani kustomer dengan sepenuh hati. Dari segi fasilitas juga timpang dari barber yang harganya lebih murah, karena tidak mendapatkan layanan handuk panas dan pijat seusai keramas. Tempat cuci rambut juga sangat sempit dan tidak memungkinkan dalam posisi tiduran (sleeper). Saran pada pengelola agar perbaiki layanan serta kualitasnya. Sebagai kustomer saya merasa tidak puas dan menganggap harga tidak sesuai dengan layanan yang diberikan.",1
"Tempat potong rambut yang cukup oke dengan harga terjangkau dan lokasi strategis di tengah-tengah kota Malang. Pelayanannya baik dan ramah, begitu masuk akan langsung dilayani oleh petugasnya. Setelah mendapatkan nomor antrean menunggu sebentar dan bisa langsung eksekusi hehe. Ketika mengantre tidak begitu lama, tergantung ramai atau tidaknya. Tukang cukurnya berpengalaman dan bisa diajak diskusi. Biasanya juga akan disarankan potongan rambut bagaimana yang sesuai untuk kita. Setelah potong rambut kita akan mendapat pelayanan cuci rambut (keramas) dan langsung dikeringkan saat itu juga. Kisaran harganya: 50K - 80K (standar barbershop)",5
"Antrian ga fair, sering kesela sama orang2 yg baru datang. Alasannya sdh reservasi. Seharusnya kl sdh reservasi, namanya sudah terdaftar. Hair styles 3 antrian 7 orang, nunggu 1.5 jam belum dipotong juga, alasan ada yg sdh reservasi diluar antrian. Mbaknya yg di resepsionis juga kurang ramah, hari minggu tgl 8 Mei 2022 sore, diajak ngobrol juga ga kontak mata. Tolong diperbaiki shg bisa lebih profesional.",2
"Enak potongan di tukang pangkas rambut di desa aja toh hasilnya juga sama cuma 10rb, kalau potongan harga 50rb , aw mahal",1
"Pengalaman cukur gundul disini, request kerok pake silet agar licin kulit. Hasil kurang memuaskan, dikerok pake silet tanpa menggunakan foam dan hasilnya tidak rapi",3
Mampir di bisnis teman. Sebuah unit usaha yang cukup menarik. Sambil mampir sambil merapikan rambut. Tempatnya yang sangat strategis dan mudah di jangkau. Pelayanan nya cukup bagus. Tempatnya bersih dan tertata rapi. Terdapat 5 kursi untuk eksekusi rambut anda. Dan 1 tempat untuk cuci rambut. Ada juga tempat untuk menunggu. Maklum setiap hari harus antri jika potong rambut,5
"Ruang tunggunya nyaman, suami nyoba potong dengan style sesuai yang direkomendasikan dan hasilnya cocok, bakal jadi langganan suami potong rambut disini",5
"Kalo udah tutup, ganti dong jam di google maps-nya, biar oke gitu boss",2
"Salah satu barbershop yang recommended, selain hasil potongan yang bagus barber ini juga memiliki banyak cabang, pelayanan ramah dan bisa konsultasi model potongan yang di inginkan, harga menurut saya sebanding dengan hasil, terdapat pula tempat keramas dan pijat kepala untuk beberapa saat. Tempatnya pun bersih dan unik memiliki ciri khas. Hanya saja menurut saya tempat parkir nya agak kecil.",4
Capster nya ga ramah kasar hasil potongannya kurang bagus,1
"waktu kesini ndak nulis daftar nama dan ndak diingatkan oleh resepsionis alhasil antrian yang baru aja masuk bisa lebih dulu dilayanin padahal harusnya bisa mengoreksi daftar hadir dan menyesuaikan siapa yang hadir terlebih dahulu, apa lagi sudah nunggu 1 jam. yang disayangkan juga dari crew malah menyalahkan customer yang tidak tau aturan main mereka. Semoga bisa jadi koreksi untuk lebih care lagi ke customers.",2
Mampir di bisnis teman. Sebuah unit usaha yang cukup menarik. Sambil mampir sambil merapikan rambut. Tempatnya yang sangat strategis dan mudah di jangkau. Pelayanan nya cukup bagus. Tempatnya bersih dan tertata rapi. Terdapat 5 kursi untuk eksekusi rambut anda. Dan 1 tempat untuk cuci rambut. Ada juga tempat untuk menunggu. Maklum setiap hari harus antri jika potong rambut,5
"Overprice!!, gonta-ganti barberman mulu. Hasil kurang memuaskan padahal udah dikasih contoh, udah dijelasin masih aja kurang sesuai ekspektasi",2
"Barbershop andalan malang kota, saran buat yg mau potong di suhat mending reserv via wa dari pada antri lama.. Klo reserv pasti di duluin tgl kita menentukan mau dtg jam brp",5
"Awalnya oke2 aja, tp masa request comma hair, poni depan saya dipotong pendek (baru sadar di akhir)â€¦ terus habis dikeramasin si barbernya keburu makan siang aja jadi rambut saya ga dirapihin lagi, so bad",2
"Mantap, dari awal2 buka ga pernah nyesel potong disini",5
"tempat nya ga begitu luas tp lumayan, 45 rb sangat murah untuk ukuran barbershop ya, saya rekomen tempat ini",5
"Salah satu barbershop yang recommended, selain hasil potongan yang bagus barber ini juga memiliki banyak cabang, pelayanan ramah dan bisa konsultasi model potongan yang di inginkan, harga menurut saya sebanding dengan hasil, terdapat pula tempat keramas dan pijat kepala untuk beberapa saat. Tempatnya pun bersih dan unik memiliki ciri khas. Hanya saja menurut saya tempat parkir nya agak kecil.",4
Pengalaman potong disini paling buruk,1
Tempat pangkas rambut yang sangat rekomen. Pelayanan sangat ramah,5
"Antrinya lama,di dalem keliatan gak bnyak yg antri ternyata ditinggal keluar,brati bagus kalo banyak yg potong dsini.",3
"Mantap, dari awal2 buka ga pernah nyesel potong disini",5
"Mungkin jika dibandingkan barbershop pada umumnya dengan di Jakarta, tidak ada servis pijit kepala n pundak",4
"maaf banget, lebih dengerin pelanggannya minta apa ya.",1
Tempat nyaman banget dan jadi langganan pacarku ğŸ’•ğŸ’•,5
"Langganan sejak kakak dan adik masih SD, dan sekarang sudah kuliah... Kualitas bagus, barber perhatian dan suka bercerita. Sudah mencoba di lokasi ini dan beberapa lokasi lainnya. Mau potong rambut ya disini.....",5
Bagus dan puas bgt cuma satu kasih training lagi tuh kasirnya gmn cara menerima tamu dan pelanggan....,5
"good quality barbers, friendly service too.. you guys solud come here tapi haircut di barbershop tanpa di pijit itu kekmana ya aneh bgt ğŸ˜ƒ",4
Jangan ragu.. Pelayanan mantap hasil memuaskan barbermen nya sopan2,5
Bagus rapi potongannya... 50k yaa,5
"Teralu buru2 motongnya, samping rambut ga di kerik rapih, barbermen ga serius banyak ngobrol sama temen nya Harga 50.000",2
"Baru pertama kali nyoba , pelayanan baik mas nya humoris , potong sama mas Jodi recommended pokoknya",5
Mungkin harganya tergolong mahal untuk ukuran barber shop. Tapi sebanding dengan pengalaman yang anda dapatkan. Barbernya tampil modis dengan kemeja putih dan dasi. Skillnya mantab dan halus. Punya wawasan yang bagus untuk berbagai jenis rambut. Lokasinya juga sangat keren dan gaul. Ada musiknya dan ruang tunggu yang nyaman. Anda akan mendampat pijatan setelah potong rambut. Beberapa point negatifnya jgn mau dilayani resepsionisnya yang cewek untuk servis seperti keramas dan pijat. Beda bgt rasanya. Hanya melayani laki2,5
"Cukup worth it dengan harganya, tempat, pelayanan bagus, overall puas cukur disini, pelayanannya ditingkatkan lagi yaa",5
"KECEWA DATENG JAM 7 KATANYA DAH TUTUP, ASTAGA",1
"recommend banget, hasil fade nya gaada obat. Pelayanan cepat, mending reservasi dulu biar gak lama antri",5
"Sistem reservasi perlu perbaikan. Saya datang jam 11 siang ada antrian 10 orang, akhirnya memutuskan untuk reservasi di sore hari jam stgh 5. Saya datang jam 4 lebih sedikit, diminta tunggu sebentar tp akhirnya dipanggil jam 6 lebih. 2 jam menunggu, saya rasa percuma tadi siang saya buat reservasi. Mohon diperhatikan untuk kemajuan Richdjoe Barbershops. Terima kasih.",2
Nyaman pol tempatnyaaaa,5
"pelayanannya cukup baik, tempatnya bersih jadi pelanggan nyaman, tukang potong nya juga ramah hehe",5
Pelayanannya sedikit menurun dibanding beberapa tahun lalu,4
"Baru pertama kali kesini, ngantri satu orang. Desain tempatnya unik dan lucu. Melihat sekilas, ini seperti tempat potong rambut buat cowok yang di mode entertainment. Ruang tunggunya nyaman dan adem meskipun tempat diluar cukup panas. Sayang di ruang tunggu tak banyak hal yang bisa dilakukan, selain main hp karena pihak manajemen tidak menyediakan fasilitas agar tidak bosan menunggu. Buku buku untuk dibaca misalnya. Hanya ada satu TV di sudut ruangan dan suara musik.",3
"Tempat untuk potong rambut. Tempatnya cozy sih tapi kuramg terawat. Yang motong juga enak gak bikin sakit tapi kalau pribadi gak enak di akhirnya aja. Nanti yang kesana bakal ngerasaain deh, satu hal yang memurutku itu gak harus ada. Kalau masalah harga diatas 40k baru bisa potong biasa tanpa keramasan. Yang motong bagus aja kok, cuma kayaknya waktu itu kurang pas aja sama pribadi",3
"Well, banyak sekali barber shop di kota Malang dengan beraneka ragam model dan opsi budget yg menyesuaikan kantong, saya pribadi merekomendasikan tempat ini karena layanan yg cepat dengan barber man yg banyak dan sudah berpengalaman, sehingga setelah keluar dari tempat ini, terasa sekali tingkat kegantengan bertambah 100 % hahahaha. Disarankan sudah memiliki pilihan model utk diwujudkan dlm model rambut yg anda inginkan, tersedia juga mesin edc merchant BCA sehingga tdk perlu kerepotan apabila tdk membawa sejumlah uang tunai.",5
Enak mantap pas,5
Cukuran nya bagus dan rapi dan pegawai nya semua ramahâ€ guys recomend pokoknya untuk yg di daerah malang khususnya suhatğŸ‘ğŸ»,5
Langganan sama mas jody ğŸ‘ğŸ»,5
Barbermannya profesional semua..bisa kasih masukan yg tepat buat cust,5
Barbershop rekomen buat di malang,5
Hasil potongnya cukup bagus. ruang tunggunya bagus dan nyediain wifi sama minuman. Kalo mau kesini kadang antrian agak panjang. Kalo mau bawa mobil agak sulit cari parkirnya disini.,4
"Mantap,recomended potong disini.dijamin gantengnya nambah 50persen:)",5
"Udah dari kuliah semester 4 sampe sekarang udah kerja langganan potong di richdjoe nih, potongan nya rapih ga mahal"" pula, cuman dari setiap kali potong mas"" yang potong ganti ganti mulu. Overall sih good wkwwjw",5
"Servis enak, banyak dan harga yg bisa dibilang lebih murah dari pesaing yg lain",5
"potongannya kurang varian sih ya. harusnya sering"" update model rambut sm bisa bedain tipe"" rambut. ruang tunggunya kurang luas + pegawainya kurang ramah. tapi harganya terjangkau sih jd lumayan lah",3
Kenyamanan bagus. Untuk antrian standart barbershop. Pemotong rambut komunikatif. Gampang dijangkau kendaraan.,4
enak pake antrian yg teratur,5
Bersih... Pelayanannya ramah.. hasil potongannya memuaskan... Keren pokoknya,5
"Udah beda sm richdjoe yg dulu, skrg paling cmn 1-2 org barber aja yg bener2 punya skill yg mumpuni.. Saya sendiri mutusin buat pindah barbershop semenjak barber langganan saya disini udah resign dan buka barbershop sendiri..",2
"Tempatnya nyaman dan kekinian. Hasilnya sangat memuaskan, sangat mengerti trend atau style rambut yang sedang naik daun. Harga berbanding lurus dengan kualitas. Semoga berkembang dan maju terus",5
"Sudah langganan disini, hasilnya cakep, ga terlalu mahal juga harganya, 50k sudah dapat premium cut..",5
Langgangan kalo potonga rambut di malang. Barbernya bagus dan ramah. harga bersahabat dalet kopi pula hehe,5
Jam operasional nya salah itu . Jam 9 masih tutup .buka nya jam 10 ready potong set 11 . Kalo malam jam 8 sudah gabisa potong,1
"Tempatnya nyaman, pelayanan cepat dan ramah, dan hasilnya pasti oke",5
"Tempatnyaa nyaman bersih dan pelayanannya bagus bangetttt , makasii richdjoeğŸ–¤ğŸ–¤",5
"Sorry to say, tempatnya emg bagus dan cozy tapi sayang hasil potongannya kurang memuaskan jadinya gak sesuai sama harganya yg relatif mahal.",1
"Karyawan yang kerja disini kurang ramah dan kurang membawa respon yang baik untuk pelanggan meskipun tempatnya ramai..potongannya cenderung kurang bagus.. Kalo nggambar rambut jangan disini, asal asalan stylish nya",3
Tempatnya nyaman. Barbernya tau klo kita mau potong yg sesuai yg kita mau.,5
"Barber atas nama mas poneri potongannya sangat bagus, tempatnya nyamanğŸ˜",5
"Bagus dan rapi, cuma lebih diperbaiki pas keramasnya aja sih. Selalu aja masih banyak sisa rambut nempel, jd gatal.",4
"Pelayanan cepat dan ramah, hasil potongan menambah ketampanan saya",5
"Pelayanan cepat dan bagus, tempatnya nyaman, sip, pertahankan",4
Tempat rekomendasi buat potong rambut cowok kekinian. Hasilnya memuaskan dengan Harga yg sebanding,5
"barber tergokssss... mantep pelayanannya ramah, tempatnya nyaman lagunya syahduuuu..",5
"Harga sebanding dengan kualitas, tempat juga nyaman",5
Suka bgt sama style rambut cowok aku .. Bakal balik kesitu lgi deh,5
barber dengan pelayanan yg ramah dan hasil nya sangat memuaskan,5
"Barbershop asik, tenang ga ribet",5
Muwantap pokoknya. Tempatnya mojok kecil tapi cozy. Masnya juga enak di ajak ngobrol.,5
"Barbernya sama cashier nya Ramah bgt, tempatnya aman tentram",5
"tempatnya bersih, hasil potongnya bagus",5
"Mantafp banget.....pas pertama kali kesana, bingung mau potong model apa, barbernya ngasih saran model apa yg cocok...",5
"dengan 50K udah dapet premium haircut, hasilnya lumayan",4
Pelayanan nya bagus tp harganya agak mahal ğŸ™,4
"Tidak worth it sama sekali, apalagi yang di sigura-gura, tida profesional",1
Kualitas barberman nya oke punya. Improvisasi nya juga keren.,5
"Pelayanan cepet,, model sesuai keinginan cust tempat nyaman dan harga terjangkau",4
Kadang suka rame. Kalo mau mending book dulu kalo mau pangkas disini,5
Tempat yang nyaman untuk merapikan rambut dan pelayanan yang bagus dan tertata rapih.,5
"Saya lebih nyaman potong rambut dsini, harga standart pelayanan memuaskan",4
"Hasil cukur cukup bagus, cuman treatment setelah nya kayak handuk hangat + pijatannya kurang",3
"Tempat nyaman, Dingin dan pelayanan barbernya memuaskan",5
Ad beberpa pegawaix cara guntingx kurang bgus cara guntingx kya Madura klo cara guntingx cmn kya gitu mndingan ke  tukang gnting Madura aj,1
"Mantap banget pelayanannya, maksimal hasilnya",4
"Tempat tunggunya nyaman, staffnya ramah",5
Pelayananya lumayan bagus.ramah semua,5
"sangat tidak memuaskan, menunggunya lama, potongannya pun tidak memuaskan, mending di barbershop sebelah, lebih murah,ramah,hasil memuaskan",1
Oke tempatnya,3
Karyawannya ramah2,5
Resepsionist nggak ada yang ramah wajahnya kurang senyum agak cuek gtu,1
"Pelayanan nya bagus, hasilnya juga bagus, recommend",5
Hasilnya sesuai ekspektasi saya..price bersaing..antri nya yg lama,5
"Nunggu suami potong rambut selalu nyaman, interior bagus, barber nya ramah ramah",5
"Tempatnya nyaman, wifi kenceng, barbermannya ramah dan funny, harga cukup bersahabat",5
"Tempat nyaman dan karyawanya profesional, harga lumayan beratğŸ˜„ğŸ˜„",4
"Tempatnya cozy, sejuk, potongannya oke..",5
harga cukur anak mahal... pengerjaan cukup lama untuk anak kecil... hasil cukur oke,4
Pelayanan cepet..hasilnya juga rapi n bgs,5
Barber nya cuma 1 di pagi hari. Udah mulai tidak sebanyak dulu,3
Tempat nyaman... bisa reservasi dulu,5
dabest pokoknya gak nyesel deh potong disini,5
"mantab, rambut saya jadi semriwing semriwing aw.",5
"sebulan sekali kesini, barbermannya ramah, udah paling cocok dah hehe",5
Hasil Potong Rambut disini memuaskan...tempat nyaman....,5
"Tempat potong favorit, buat yg pengen tambah ganteng disini tempat yang pas",5
"Tempat & Pelayanan nya keren, Barber a.n Nasik recommended dicoba.",5
Seketika menjadi tampan dan berani,5
"Capster nya ramah, tempatnya cozy lah dan hasilnya tidak mengecewakan",5
Mantab,5
Bagus hasilnya. Anak sy suka potong rambut di situ.,4
Pelayanan nya ramah dan cepat ğŸ‘ğŸ‘,5
nyamann sekali tempatnyaağŸ¥°,5
"Buat pelajar rekomen nih, cari yang murah tapi hasil maksimal:)",5
Responsif,4
"Hasil potong yang rapi dan sesuai keinginan, pelayanan ramah, tempat bersih",4
potongannya bagus dan barber nya ramah2,4
the best lah pokok nya pelayanan ajib,5
"Jika beruntung, Anda bisa mendapatkan tukang cukur yang baik.",3
"Untuk tempat terlalu kecil, pelayanan standard....",3
ah mantap,5
Thanks. Pelayanan mantap ğŸ‘ğŸ»,5
"Tempat potong rambut yang nyaman dan bagus  , pelayanan juga baik.",5
"Harga rata* 35rb.. lumayan, sepadan dengan kepuasannya",5
Wah Bagus sekali,5
"Support barberny bagus, rekomendasi potongan dengan bentuk wajah juga bagus, rekomended",4
Tempatnya asik dan untuk barber shopnya bagus,4
Rasanya seperti anda menjadi Ironmen,5
Gak ada yg ramah resepsionis nya....,1
"Saya sarankan untuk reservasi dahulu, daripada ngantri lama",5
Recomended buat potongan rambut yang terupdate,5
Harus menulis nama yang jelas biar gak salah panggil,3
Barberman nya sangat ramah dan tempat nyaman ...,5
"sesuai sama harga, danjuga pelayanan baik",5
"Cuma nganter aja,biasanya antrian lumayan panjang.",3
Nice barbershop ini malang. This the recommended one,4
Antrian dan sistem reservasi harus  diperhatikan,2
Pelayanan santai dan nyaman,5
Potongan sesuai harapan. Walau kadang gak sesuai harapan.,5
"Tempat nya dingin, ramah good lah",5
Gak pernah kecewa kalo ke richdjoeğŸ™‚ğŸ™‚ğŸ™‚,5
Tempat sangat nyaman.,5
"Tempatnya nyaman, wifi kenceng, barbermannya ramah dan funny, harga cukup bersahabat",5
Gak pernah kecewa kalo ke richdjoeğŸ™‚ğŸ™‚ğŸ™‚,5
Ramah ramah,5
Nice barbershop ini malang. This the recommended one,4
Potongannya apik,5
Tempat Pangkas Rambut yg oke punya,5
"Support barberny bagus, rekomendasi potongan dengan bentuk wajah juga bagus, rekomended",4
Tempatnya asik dan untuk barber shopnya bagus,4
Oke punya...suasana nyaman,5
"Harga rata* 35rb.. lumayan, sepadan dengan kepuasannya",5
Hasil cukur kurang memuaskan,3
Sebulan sekali pasti potong rambut disini,4
"Pelayanan nyaman, tempatnya mewah",5
Hair stylist nya berpengalaman,4
Tukang cukur nya payah,1
Barbershop yang enak. Potongannya pun bagus,5
Oke punya...suasana nyaman,5
tempat e nyaman,5
Harga relatif mahal,3
Tempat favorit pangkas rambut,5
Bersih dan nyaman,5
"Tempatnya OK,  suasana nyaman",5
Pelayanan terbaik,5
Hasil sangat memuaskan,5
Pelayanan baik dan baguss,4
"Potongannya bagus, memuaskan",4
Untuk harga segitu lumayan lah,4
Cuma bagus tempatnya aja,2
Rapi bersih,4
"sesuai dengan permintaan saya, mantaaaaaap",5
Puas sm hasil cukurannya,4
Favorit pacar aku,5
Bagus berpengalaman,5
mantap,5
Ramah terampil harga bersaing,5
Tempat yg nyaman,5
"Pelayanan bagus, suka",5
Biasanya antri lumayan lama,4
Potongannya cakep,5
Mantap. Langganan,5
Tempatnya nyaman,4
Harga bersaing...,4
Terima kasih ğŸ¤©,5
Mahal dan bagus,5
Potongannya keren,5
terbaiklah,5
Di pojokan jl.  Coklat no 1,4
Potonganya cocok,4
Ngga pernah kesini,2
Recommend buat potong rambut,5
Hasil cuttingnya bagus,3
Potongannya apik,5
Kurang oke potongannya,3
Ga sesuai ekspektasi,2
Tempat yang keren dan nyaman,5
luar biasa potongnya,5
Nyaman bagus,5
Mantap,5
Kurang detail broğŸ˜¬,5
Oke,5
Rekomended,5
Cuma sayang agak mahal,5
Ada wifinya,5
Kece!!!,5
Langganan,5
rapi,5
Cuma lewat,3
Bisa booking,4
Ramah ramah,5
Suasana nyaman,4
Nyaman,4
Oke,4
Mantap,5
Top sekalii,5
Kurang skill,1
Mantap,5
Salah satu barbershop favorit saya di sekitar malang. Sebagian besar karena lokasi dan harga. Mereka menawarkan potongan rambut yang layak dengan harga yang bagus. Direkomendasikan!,5
"Pangkas pertama yang saya dipercaya untuk mendapatkan potongan rambut di Kota Malang setelah pindah ke luar negeri dari Sumatera, dan hasilnya adalah awesome! Brian, sebagai tukang cukur saya pada saat pemotongan, ramah dan keterampilan belum knowledgeful. Bahkan Dia dan aku punya waktu untuk berbicara tentang jalan masa lalu dan harapan dalam dunia potong rambut. Untuk hal-hal lain seperti fasilitas ruangan sistem antrian dan menunggu, pangkas ini moderat seperti barbershop pada umumnya dengan sistem antrian panggilan berdasarkan jumlah antrian dan ruang tunggu yang dilengkapi dengan sofa, AC, dan tempat penyimpanan. Secara keseluruhan, 5/5 untuk barbershop ini. Aku akan datang kembali ke sini.",5
"Tempat ini memiliki tukang cukur yang cukup bagus, tetapi mungkin kebersihan dan layanan harus ditingkatkan karena harganya sedikit mahal dari sebelumnya. Semoga bisa lebih baik.",4
Toko tukang cukur yang bagus di malang suhat,3
Richdjoe Barbershop benar-benar LUAR BIASA! Saya telah menjadi pelanggan setia mereka selama hampir tiga tahun sekarang. Kualitas potongannya berbeda dengan barbershop lain di Malang.,5
"Saat mereka membuka toko pertama, semuanya sempurna. Staf sangat ingin memberikan layanan terbaik, bahkan mereka dapat memberikan banyak saran bagus yang sesuai dengan wajah Anda. Saya tidak punya keluhan saat itu, setelah beberapa kali menggunakan layanan mereka. Saya menyadari bahwa mereka tidak sebaik saat pertama kali saya datang. Sekarang mereka lebih memilih kuantitas daripada kualitas. Tidak layak sama sekali pada kisaran 45k.",2
"Sebenarnya, barbershop ini adalah pelopor di Malang. Saya datang ke sini, secara rutin sebulan sekali atau sekali dalam dua bulan. Sayangnya, saya bisa mengatakan bahwa pangkas ini agak payah. Karena mereka menawarkan lebih banyak biaya tetapi kurang dalam kualitas. Yang mereka dapatkan hanyalah harga tinggi tetapi rendah dalam layanan. Tukang cukur tidak lagi berkualitas.
Kondisinya sangat berbeda ketika pertama kali saya datang ke sini.",2
"Hebat dan harga terjangkau (45K IDR untuk potongan & sampo biasa). Ruang tunggu yang nyaman, desain interior yang bagus, dan staf yang ramah. Pertahankan kerja bagus!",5
Saya memotong rambut saya di sini dengan pelayanan yang baik dan saya mendapatkan hasilnya sesuai harapan saya,5
Pelayanan prima dan potongan rambut bagus,5
Kami akan selalu mencoba yang terbaik untuk Melayani Semua Pria di Malang dengan sangat baik dan menjadi Barbershop Lokal Terbaik Malang di kota ini.,5
Satu-satunya tempat pangkas rambut yang saya kunjungi saat saya membutuhkan potongan rambut yang bagus,4
"Tempat ini terus menjadi lebih baik, saya bahkan tidak perlu menjelaskan bagaimana saya ingin tatanan rambut saya, saat itu saya masih perlu menjelaskan beberapa ini, mengagumkan",5
Layanan hebat. Potongan yang bagus. Masih hanya 45rb untuk dipotong. Bahkan memangkas jenggotku.,5
Satu-satunya barbershop di malang yang bisa menangani dan mengerti dengan model rambut durian saya,5
Bang untuk uang! Kerja bagus,5
Pelayanan bagus tempat bagus hasil potong memuaskan,5
Setimpal,5
"Tolong perbaiki harganya. Staf berbeda, perubahan harga. Tidak cukup jelas untuk apa yang kami bayar",3
Nyaman,5
Tempat pangkas rambut terbaik di kota dengan tukang cukur yang ramah dan harga yang wajar,5
Nilai layanan bagus untuk harganya,4
Yang tajam untuk potong rambut,5
"Pelayanan Cukup Enak&mantab, Fasilitas Wifi Ber AC dan lainnya yg memadai Ada Untuk Pilihan Paket REGULER, PREMIUM, FULL SERVICE .",5
KaRyAwaNyA RaMah Banget....HasiL Potong rambut bener2 SesuAi yg diinginkan Customer...aMat SaNgat PuaS deNgaN HaSiLnYa...BeNeR2 TeLaTeN & ReCoMeNded BanGet...Cuma MinTa ToLoNg uNtuK PaRkiR KeNdaRaAnyA...TeRLaLu SeMpiT,5
"Medium Fade on process, pelayanan ramah, bisa custom sesuai keinginan, bisa memberi saran yg baik untuk rambut konsumen, hasil memuaskan sesuai yg diharapkan ğŸ‘",5
Salah satu barber recommended di malang dengan harga affrodable. Nyaman dengan free WiFi dan AC. Untuk harga start antara 30K,5
"Tempat potong dekat rumah, harganya lumayan, pegawainya lumayan baik hasil potongannya juga rapi, disini bisa cuci rambut juga Setelah cuci biasanya kita dikasih Pomade/vitamin,. tempatnya  biasanya ramai. Cuman tempat parkirnya sempit.",4
Pelayanan ramah dan pastinya hasil sesuai dgn apa yg anda inginkan,5
Tempatnya bagus.. ,5
"Tempat bagus, nyaman, cuma parkir agak terbatas, 30k clean cut termasuk vitamin dan pomade, mas pencukurnya ga tergesa gesa, santai dan mengerti kemauan klien. Cukup berikan contoh foto potongan yang dikehendaki saja beres",5
"Barbershop yg nyaman, full musik, ada 3 tmpat potong... harga 25.000 untuk clean cut. Tersedia pomade juga... parkir standart ruko...",4
"Menurut pengamatan selama Aq nemenin temen yang potong, model potongan sesuai dengan apa yang diinginkan teman ku sama persis tanpa ada kslahan apa2. Dan pelayanannya juga sangat ramah. Dan yang pastinya bagus menurut ku. Dan tempatnya juga enak bagi yang menunggu. ğŸ¤©ğŸ¤©",5
Adek aku selalu potong disini karena masnya sabar kalo sama anak kecil. Dan menurutku tempatnya juga nyaman dan sejuk sih karena disediakan ac juga.....oh iyaa dan pastinya ada wifinya juga,5
Pelayanan ok +hasilnya mantab ğŸ¤,1
"Full ac, ramah dan hasil baguss harga juga murah",5
"Station cukur ada 3 (walaupun nggak selalu standby barbernya sih). Barbernya ramah. Harga 25k clean cut, udah sama keramas. Sejauh ini cocok sih potong di sini. Ya namanya tempat cukur kan emang cocok-cocokan ya. Jadi so far kalo di malang saya cukurnya di sini, memuaskan & sesuai ekspektasi. Saya recommend dateng ke sini sore abis ashar atau setelah maghrib soalnya itu saat dimana barbernya lg semangat-semangatnyaâœŒï¸",5
pelayanannya ramah bgt sampe curhat ke mas nya wkwk.. bagus deh pokoknya!,5
"Pencukur/pemotong rambut perlu diberi wawasan tentang perbedaan potongan pompadour, undercut pompadour dan undercut. Saya pesan pompadour malah hasil nya dipotong undercut, gradasi tidak rata, banyak yang 'petal' dan pencukur 'ngeyel' tidak menerima masukan konsumen. Satu lagi, kebersihan mohon dijaga spt setelah merokok cuci tangan dahulu sebelum memotong rambut konsumen, jujur saya merasa terganggu dengan bau rokoknya tapi saya selaku konsumen tidak enak untuk mengingatkan. Semoga ditingkatkan lagi agar tidak ada yang sangat kecewa lagi seperti saya. Trimakasih.",1
"Tempatnya bagus, ber-ac, bersih, ada wifi, ada tvnya juga, wktu tunggu jdi nayamna gk terlalu bosen. Desain interiornya  juga bagus bertema. Pelayananya okeğŸ‘",5
"Hasil rapi, sayangnya parkirannya terbatas dan ada sisa rambut pelanggan yg belum dibersihkan di lantai",3
"Keren, orangnya ramah-ramah dan selalu puas cukur disini seperti namanya sih",5
Pelayanan ramah,5
"Pelayanannya ramah, skill tukang cukurnya pun mantap, biaya yg worth it bgt pokonya ga akan mengecewakan",5
"Sangat tidak recomended, baru saja kesana nunggu 3 jam.padahal cuma antri 2 orang. 1 orang durasi 1 jam lebih padahal style biasa.",1
"Pelayanan Memuaskan, Pelanggan akan Kembali dengan Hati Riang ğŸ’‡ğŸ’ˆâ­â­â­â­â­",5
"tempatnya enak, dingin, full music kekinian .. capster nya ramah dan sigap kalau mengerjakan .. kasir yang ter manage jadi orang kalau masuk sudah disuruh daftar terlebih dahulu baru dipanggil sesuai giliran pendaftarannya",5
Bisa cukur bayi ğŸ˜€Alhamdulillah hasilnya rapi walaupun pas dicukur bayiku rewel nangis2 ğŸ˜‚,5
"kualitas semakin menurun, barberman terkesan tergesa"", beda dengan yg dulu. barberman baru perlu di notice tuh biar gak diulangi lagi kejadian kaya gitu",1
"Menemani suami kesini. Masnya ramah, dan hasil potongannya juga memuaskan. Suami mengajak kesini lagi next time.",5
"Barbershop yang cukup bagus di kota Malang. Terletak di jalan Candi Panggung, dekat dengan simpang 5 Candi Panggung. Untuk servis pangkas cukup bagus dan memuaskan. Untuk harganya, bagi dewasa 30k sudah termasuk pangkas dan cuci rambut. Kurangnya tidak tersedia parkiran yang memadai, hanya cukup untuk beberapa motor dan tidak bisa untuk mobil.",5
Parkirannya kurang besar,2
"hasilnya bagus, sesuai dengan kemauan customer, dan barber nya juga communicative bgt.. oh ya disini jarang kosong, pasti ngantri tapi worth it ko soale free wifi.. sukses teruuuss",5
"Pelayanan mantap, adem, harga worth it.",5
"Rapi,telaten nyukunya",5
Harga terjangkau potong + cuci rambut 30rb,5
"Dengan biaya 25k udah bisa cukur, keramas, plus vitamin rambut/pomade. Pekerjanya ramah dan komunikatif ke pelanggan. Harga terjangkau bila dibanding barbershop lain. Oke banget lah pokoknya",5
"potongannya konsisten. rapi, cepat (ada barbershop lain yang proses potongnya keterlaluan lamanya, 1 klien bisa setengah jam an, ckck).. tapi ini hasilnya memuaskan, harga juga pas..",5
"Raja Cukur, tempat paling cocok dan ASYIK untuk tampil ganteng bagi cowok yg tak ingin mahkota ya terlihat awut2an, dikerjakan oleh para profesional... Hingga. 7x potong disana saya sangat puas sih...hasilnya sesuai dg keinginan.",4
"Suasananya nyaman, bersih, wangi.. Hasil cukur nya bagus,, cocok buat saya dan anak anak..",5
"Pelayanan cukup baik, ramah dan tentunya nyaman. Untuk harga, cukup bersahabat dengan kantong mahasiswa dan pekerja.",5
"Tempat nya bersih adem pelayanan jg ramah,,, anak saya suka banget dan cocok",5
"Hasil cukuran rapi, sesuai keinginan, ada keramas dan di kasih pomade/vitamin setelah keramas.",4
"Mas kalo nyukur agak niatan dikit mas gausah cepat"" kayak diuber satpol pp. Minggu,5 mei, 20.20",1
"Pelayanan ramah , hasilnya memuaskan dan ruang tunggunya nyaman.",5
"Selalu nganter pacar dan temen potong rambut, dan selalu puas sama hasilnya. Pegawainya juga ramah dan tempat tunggu nyaman. Pelayanan gak pake lama.",5
"Tempatnya enak, cuman soundnya buat yg dibawah terlalu keras~",5
"Hasil cukur memuaskan, dengan harga 25k sudah bisa pangkas rambut plus keramas . Tempat bersih dan tersedia wi-fi gratis",5
Tempat bagus,4
"Tempatnya masih nyaman dan enak sejak awal buka dulu, tapi kualitas barberman nya menurun ğŸ˜”",3
"Tempat adem, free wifi, tukang potong rambut.nya pro",5
"Tempatnya nyaman, pelayanannya bintang 5",5
"bersih, pemotong rambut cukup baik, tp parkir tidak bisa buat mobil dan harga menengah",4
"Tempat nyaman, hanya saja menurut saya yg sering potong disitu lebih cocok potong dengan barber cowok, klo barber cewek hasilnya kirang dan jauh lebih bagus barber cowok",3
worth it cukur disini,5
"Pegawai ramah, kecuali kasirnya.. kurang sopan dan norak.. tempatnya enak, nyaman, hasil potongan nya juga bagus.. ğŸ‘ğŸ‘",5
Hasil biasa..tempat parkir cukup sempit hanya buat beberapa motor,1
"Mantap, barbernya paham bangeta masalah rambut",5
"Bagus tapi kadang kekurangan barberman, jadi antri lama",5
"Bagus potongannya, sayang sekali mesti antri dan prosesnya lama dan juga harganya sekarang naik",5
"Potongannya biasa aja sih, tp sesuai sm harganya. Sayang parkir mobil gk bisa.",4
"Hasil potonganya bagus,dan pelayanannya sangat ramah dan memuaskan.",5
"Always favorite, deket kantor, pelayanan ok. Cuma parkir kadang kurang memadai.",5
raja cukyr bebershop adalah sebuah warung cukur rambut dan hasil dari cukuran sangan modern sekali.  jadi banyak orang yang sering datang ke raja cukyr bebershop,5
kualitas nya makin berkurang parah skrg,1
Mayan lah pelayanan nya ğŸ˜€,3
"Pelayanan ramah, potong rambut gak pakai lama & hasil oke. Very affordable priced",5
"Mas barber nya sangat terampil, sabar, telaten, pengerjaan sangat rapi. The best.",5
Saya sangat puas dengan pelayanan raja cukur barbershop. Karna pelayanannya sangat baik Dan karyawannya ramah dan sopan Untuk raja cukur 5 bintang,5
"mantap sekali cukur disini, pelayanan yang baik, ramah2, tdk perlu mengantri, pengalaman cukur terbaik :3",5
"Baru kali ini, barberman nya gak sesuai arahan",2
Tempat parkirnya saja yang kurang leluasa. Pelayanannya sudah sip. Ramah.,3
Tempat parkirnya sangat sempit. Kalau bawa mobil tidak bisa parkir.,5
T4nya bersih nyaman n deket domisiliku hehe....,4
Pelayanan sangat ramah. Hasil sangat memuaskan.,5
"Kurang konsisten, kadang bagus kadang kurang",3
Pelayanan memuaskan,5
Bagus sesuai permintaan,5
"Hati hati cukur rambut disini, orang yang cukur buru buru banget pingin cepat selesai dan hasil tidak tapi. Menyesal saya cukur rambut disini!",1
Tempatnya cukup bersih dengan pelayanan cukup ramah,3
"Tempatnya nyaman, pegawainya ramah",5
"Tempat cukur yang nyaman, dingin, dan harga cukup murah",5
Yang nyukur telaten dan friendly,5
"Bisa cukur rambut bayi juga di sini, karyawannya ramah bgt",5
"cepet, bagus. harga masih standar. cuman parkir agak susah.",3
Hasil bagus memuaskan dan tempan nya bagus dan nyaman,5
"Belum sempat mampir, hanya lewat saja. â­â­ dulu.",2
"Tukang cukur komunikatif, tempat nyaman, jadi seneng potong rambut disini",4
Tempat cukur langganan...Murah tp layanan oke....,5
karwna tidak sesuai dengan keinginan saya,2
"Anak saya cocok, dan pegawainya ramah2",5
Anak2 dan saya selalu cukur rambut di sini. Hairstylenya bagus2. Kekinian.,4
Harga standar cukurannya bagus recomended lah,4
Mayan nyaman Ramah kantong :),4
Adem cepet,4
pelayanan nya bagus tempatnya enak,5
"Langganan sudah lama, selalu ouas dengan hasilny",5
Hmm bintang 4 cukup deh,4
"pelayanan baik, bersih, tempat nyaman,",5
"Tempatnya nyaman, tukang cukurnya juga ramah",5
Tempat bagus nyaman dan service oke,4
Harga standar barbershop.. Potongan lumayan,4
Bagus cukurannya,5
"Lumayan bagus, terakhir kesini 25k",5
Pelayanan nya mantabs,5
Untuk waktu potongnya terlalu lama,3
Bikin ganteng poll...,5
Pelayanannya bagus,5
Nyamn banget sama tempatnya,5
Mantap . Damage. Bersih. Rapi,5
Bagus dan nyaman,4
Lumayan potongannya,4
rekomended,5
"Murah,  terjangkau,  tetapi parkir kendaraan agak susah",3
Cukup memuaskan hasil cukurnya,4
Murah dan hasil memuaskan,5
Ramah dan bagus,5
"Bagus hasilnya, pas dengan harganya",5
"Adem, bersih, rama, cctv, cuci, rambut, shampoo, dll",5
Hasilnya lumayan,5
Cukur langganan...,5
Ada AC dan wifi,5
"Pelayanan cepat, hasil cukurnya rapi.",4
tempatnya nyaman,5
Enak kali,5
Kerem lah harga murah,5
"Tempat nyaman, potongan rapi",5
Keren.. ramah dan nyaman,4
Karyawan nya Ramah-ramah,5
Tempat gunting rambut dengan pelayanan maximal,5
"Bagus, pelayanan ramah",4
Cocok untuk anak muda,4
Lumayan bagus,2
Cukur zaman now,5
Mantap . Damage. Bersih. Rapi,5
"Tempat nyaman, potongan rapi",5
Barbershop murah,5
Murah dan hasil memuaskan,5
"Pelayanan cepat, hasil cukurnya rapi.",4
"Adem, bersih, rama, cctv, cuci, rambut, shampoo, dll",5
Cakep,5
Recomend potongan bagus,5
"pelayanan baik, bersih, tempat nyaman,",5
Langganan aing potong,5
Hasil rapi,5
Cakep,5
Bagus,4
Cukur zaman now,5
Barbershop murah,5
Antrian lama,3
Sip,3
Tempat cukur langganan,4
Murah.trend,4
Tempat nyaman untuk memotong rambut Anda. barbernya juga ramah,5
Tempat yang nyaman dan nyaman untuk mendapatkan potongan sederhana juga creambath + pijat kepala yang luar biasa,4
Barbershop dengan layanan yang cukup bagus. Potongan bersih berarti rambut Anda akan dibersihkan setelah dipotong. Mereka juga memberikan bonus pijat jika Anda mau. Kamar perbaikan ditemukan di area parkir yang perlu diperbesar.,4
Tempat pangkas yang bagus. Tukang cukur ramah dan komunikatif. Tempatnya keren dan nyaman. Harganya normal.,5
Kerja bagus,5
Saya menemani teman saya untuk memotong di sini. Tempat pangkas rambut oke di Malang jika Anda tidak mencari gaya untuk memotong rambut ...,3
Mas aziz mantap!,5
Berlangganan 3 tahun,5
Layanan bagus tetapi belakangan ini biayanya meningkat,4
Bagus,4
Potongan rambut cukup bagus pada harganya,4
"Potongan rambut bagus, tapi sering ditutup ..",4
Penata rambut paling royal,5
Terbaik di kota,5
Bagus,5
Silkback,5
Layanan bagus,5
saya suka,5
Oke,4
Layanan hebat,4
bagus,5
Kenyamanan,5
Potongan rambut yang bagus,4
Tetap berkelas,5
Barbershop berlangganan,5
Direkomendasikan,4
Gaya rambut baru,5
Biasanya pangkas rambut,3
"Cukup woth it sih. Harga based on pengalaman barberman. Paling murah 65rb haircut reguler sudah include potong, keramas, hot towel, massage, styling, coffee/tea. Hasil jg cukup sesuai dg contoh",5
"Barbershop terbaik sejagat raya Malang. Potongan bagus, tempat nyaman, pelayanan baik, barber profesional dan ramah terutama favorit saya mas Amin, mas Huda, dan mas Fahmi. Walaupun harga agak tinggi tapi worth it + free drink",5
"udah 4x dengan pengalaman buruk yg sama.Apes bgt dapet orang itu mulu, padahal regulernya ada 2 jgn cukuran sama reguler paling pojok deh, berisik banget becandanya,bukannya ngetreat customer dengan baik eh malah becanda sama barber senior. apalagi motongnya buru"" bgt kepala saya sakit semua, hasilnya 6/10 , kalo motongnya cepet tapi kualitas gak oke kerja di pangkas aja",1
"Udah dikasi contoh foto masih gabisa sama bahkan beda jauh, padahal harganya potongnya lumayan mahal. Lumayan kecewa dengan hasilnya, padahal biasanya oke, mungkin barbernya aja yg kurang oke terlihat ga fokus",1
"Tempatnya nyaman banget, bersih, pelayannya Ramah",4
Tempat potong rambut yg nyaman dan bagus hasil potong rambutnya... Lokasi  strategis untuk lanjut kuliner sebelah pos ketan suhat.. dan ramai pedagang makanan di sekitarnya...,5
"Tempat yg sangat nyaman dan lengkap pelayanan nya. Saat masuk akan didaftar oleh resepsionis, lalu ada minuman air dalam kemasan gratis jika haus saat mengantri. Saat mau dipotong akan ditawari lagi mau minum teh/kopi. Lalu selesai proses potong akan dikeramas dan bisa pilih memakai air hangat/dingin. Setelah itu  akan dipijat di kepala dan di bahu lalu diberikan lap hangat di bahu. Barber nya juga ramah2. Tapi harga yg ditawarkan memang mahal tapi sebanding dengan pelayanan yang didapat.",4
"Barbershop dengan suasana nyaman, friendly, harga cukup ramah dikantong, dan berbagai treatment lain yang disediakan disini, tidak hanya potong rambut saja tapi ada pilihan treatment yang kita inginkan. Serta ada pula kartu member yang berlaku diskon 50% dihari ulang tahun kita",5
"Tempat cukur rambut yang keren dan nyaman, pelayananya sangat ramah dan profesional. pokoknya dua jempol lah",5
Masih jam 20.30 tapi saya ditolak utk potong rambut padahal barber nya tinggal keringin rambut customer tapi bilangnya masih lama .... SANGAT KECEWA PELAYANAN BURUK NYA,1
Rekomended sekali,5
"Tidak profesional pemirsa Customer sudah nunggu eh malah terang2an bilang mau ditinggal ROKOK-an dulu oleh (Z).. Etika bisnis dan servicenya tydac ada.. (((tidak sopan))). Saya perhatikan 3 barber man, setiap habis motong pada giliran keluar buat rokokan.  Apakah memang SOPnya begitu ya???? Hahahhaa. Baru ketemu ini ada barbershop spt ini.  Sangat disayangkan.  Padahal ""punya nama"". Harusnya menjaga kualitas dan servis",1
"Nice place and feeling buat potong, barber professional, diajak ngobrol pasti ama tukangnya",5
Salon langganan anak saya yang memiliki pelayanan sangat ramah dan telaten. Saat datang pertama kita akan ditawarkan teh atau kopi. Selagi menunggu ada permainan dan acara tv yang bisa mengalihkan kebosanan anak-anak.,5
Servisnya selalu ramah dan memuaskan. Terutama mas zaky dan mas huda,5
"Goood, profesional barber shop, apalagi ditambahi fasilitas seperti c.bath/refleksi tambah suip",5
"Pelayanan ramah, hasil potong rambut sesuai yang di mau",5
"Professional dan detail, potong rambut sampai 1 jam saking detailnya. kalau boleh kasih masukan, minuman better ditanya mau sebelum potong apa sesudah potong, dan kalau bisa variasi kopi adain nescafe classic yang engga ada ampasnya.",5
"They have good manner, attitude,and have a high style. Selama di malang cuma cocok potong di gf. Check my ig @gigihbandup dan bisnis makanan premium harga mahasiswa @kokia.id",5
"Tempat bagus bersih, alat2 tertata dengan baik, hasil potong bagus dan kalo potong disini free coffee dan teh pokoknya nyaman lah",5
"Baru pertama kali potong disini, berharap rambut sesuai sama foto yg dicontohkan tapi hasilnya malah beda banget. Mungkin gara gara barbermannya (H) terlalu terburu buru mau istirahat atau mau pulang. Mohon lebih professional dan detail lagi dalam bekerja. Terima kasih",1
"Tempat potong paling nyaman selama saya potong di Malang. Lokasinya seberang taman krida, samping RS UB. Pada saat ulasan ini dibuat, Harga potong rambut tergantung pengalaman barberman (sekitar 60-85 ribu rupiah). Bisa treatment tambahan (tersedia list harga juga, bisa dilihat di instagram GoodFellas). Harga tersebut sudah termasuk gratis minuman (bisa pilih kopi atau teh). Pembayarannya bisa cash bisa pake kartu (bank BCA bisa). Pelayanan ramah, tempat tertutup dan cukup dingin. Pada masa COVID-19, barberman cukup menerapkan protokol kesehatan, sehingga ada perasaan aman dan nyaman. Semoga ulasan membantu untuk memutuskan lokasi potong rambut yang tepat.",5
"Pelayanan bagus, hasil potongan rapi dan juga bagus, barber profesional dan enak diajak diskusi tentang model rambut yang cocok untuk kita, next bakal potong rambut kesini lagi pastinya. Terimakasih goodfellas suhat.",5
"Tempat dan konsepnya bagus sekali. Staffnya rapih dan ramah. Saya sudah dua kali ke sini. Kunjungan pertama sangat memuaskan. Staffnya mengerti apa yang saya butuhkan dari bentuk kepala saya, jenis rambut saya dll, meskipun awalnya saya meminta model lain. Hasilnya sangat memuaskan, di luar ekspektasi saya. Untuk kunjungan kedua meskipun dari segi pelayanannya tetap baik, tapi hasilnya biasa saja. Tidak terlalu bagus, tidak terlalu jelek. Meskipun demikian, sejauh ini menurut saya tempat ini adalah salah satu yang terbaik di Malang. Kalau bisa saya kasih 4,5 bintang.",4
"Cukup oke, rapi dan bersih. Harga potong naik terus ya hehehehe",5
"the barbers able to understand kind of style you wanted, so there is no mistake on your style you asked. Barber mampu mencukur sesuai permintaan customer. Seolah tidak ada gaya yang goodfellas tidak bisa pangkas atau cukur.",5
"Barber nya profesional, model rambut nya boleh diskusi juga",5
"Ksini nganterin doi buat potong rambut. Seneng aja sama pelayanan nya, Mba mba nya juga baek, ramah, Hasil nya juga aku sukak Doi jadi ganteng lagi ğŸ˜…",5
"Dewa bgt babernya, bayar mahal buat nunggu barber ngerokok dulu. Kalo gak ngerokok, makan, ngopi",1
Selalu memberikan pelayananan terbaik untuk costumer fellas ğŸ‘ŒğŸ»ğŸ‘ŒğŸ»ğŸ‘ŒğŸ»,5
"Hasil potongnya tidak perlu diragukan, orang-orangnya ramah, service ğŸ’¯ mungkin untuk lokasinya agak susah ditemukan kalo pake maps karena tempatnya kurang terlihat dari jalan raya",4
Habis cukur disini dan hasilnya mantap sesuai sama yang diinginkan. Awalnya saya ngerasa kurang pendek sedikit trus saya minta dipendekin lagi dan sesuai ekspektasi. Wifinya juga kenchang. Recommended buat yang nyari rambut tampanğŸ‘Š,5
"Tempatnya bagus dan nyaman, tetap menjalankan protokol kesehatan seperti gunting dan sisirnya yang selalu disterilkan, hasilnya sesuai harga yang dibayarkan, bisa reservasi online agar tidak mengantri",5
Excellent gentleman barbershop di tengah kota Malang.,5
"Lokasi strategis,, area suhat Sebenarnya,, saya baru pertama kali kesini saat menulis ulasan ini Sofar,, tempat nya nyaman, bersih Staff cukup membantu,, resepsionis nya ramah Saya akan kesini lagi dilain waktu",5
"Pengalaman pertama potong disitu, awal potongan yah lumayan bagus, namun setelah beberapa hari pertumbuhan rambut jdi tidak karuan atau kurang rapi karna mungkin terlalu banyak disasak, yg membuat rambut saya jdi bergelombang, untuk stylenya, saya binggung ini mau nyebut style apa, karna pertumbuhan rambut yg tidak rapi.. sekian",3
Tempat potong rambut yang nyaman. Dan sesuai sama uang yang kita keluarkan. Mengedepankan kenyamanan cutomer,5
"untuk yang belum kesini mending jangan daripada nanti ketagihan wkwkwk. untuk harga sebanding dengan kualitas, rekomendasi banget pelayanannya juga bagus. sayangnya bintangnya cuma bisa kasih 5 kalo bisa kasih 10 aku kasih 10",5
"Hasil potongan dan hairstyling oke banget. Tau banget bentuk kepala dan model potongan yg cocok. Ramah. Cepat tanggap. Worth harga dengan pelayanan yg super lengkap dan hasil yg di dapat. Bahkan untuk yg menemani pun nyaman untuk menunggu (karna saya perempuan, saya hanya menemani) .",5
Two blocknya cocok!,5
"Dari banyak barber yang saya coba di malang.. Ini Barber terbaik untuk anda yg mencari service & kualitas potong, kalau anda tidak keberatan dengan price 70 K untuk potong oleh barber senior.. Terima kasih..",5
"Hi mau review lagi hehe Good Fellas adalah salah satu barber premium yang sangat aku percaya'i karena potongan mereka bener"" bagus dan worth it sama harganya (maklum biasanya potong di pangkas rambut 6000 an tapi bagus) Untuk 60.000 aku ga pernah kecewa dengan hasilnya karena kepalaku itu tergolong kepala yang ga berbentuk jadi tengkoraknya kayak ga berbentuk bulet jadi kalo potobg harus bener"" cuttingnya yang bagus Dan dari dulu ga pernah mau kalo d potong itu terlalu pendek dan baru kali ini disini bener"" mau dipotong pendek dan hasilnya biarpun agak panjang itu tumbuhnya rambut tetep bagus dan gak orat arit KLEAN KUDU COBA! aku insert foto aku yang french crop dan ketika dia udah tumbuh panjang",5
Hasil pas dan rapi. Tempat bersih. Barber profesional. Booking bisa dilayani via telpon. Jual berbagai pomade dan perawatan rambut lokal maupun import.,5
"Pelayanan terbaik, hasil memuaskan, sedia pomade juga, free member, kalo ulang tahun gratis",5
"Pelayanan ramah dan professional. Banyak pilihan grooming dengan harga cukup terjangkau. The extra scalp/shoulder massage after a cut could be better, though (Not sure if they have this as one of the grooming options). Bakal berkunjung lagi lain waktu.",4
"Selalu puas sama pelayanannya, dpt gratis kopi atau teh selama nunggu giliran dipotong",5
"Barber favorit. Pegawai ramah, pelayanan baik, suasana nyaman dan bersih.",5
"Barbershop yang berkualitas, ada harga ada kualitas. Pelayanan yang diberikan sangat baik. Walaupun terkadang harus reservasi / mau mengantri agak sedikit lama di hari tertentu..",5
"Tempat potong rambut terbagus di Malang, terutama bagi orang gendut atau mukanya bulat bisa konsiltasi ke mas Zacky, ntar di kasih potongan yang sesuai dengan wajah, dan karna itulah saya jadi langganan di sini",5
Ini Barbershop baru di suhat tempatnya tidak sangat keren buat untuk potong rambut laki ya terutama ini sangat bagus harga relatif buat saya untuk hasil akhirnya oke keren,5
langganan ku.. selalu dengan mas rizki,5
"Tempat woke utk potong rambut model terkini di malang, stylist cukup profesional sopan , rapih dan situasi tempatnya cukup adem buat nunggu antrian ",4
Langganan,5
Tempatnya nyaman pelayanannya OKE.. bisa potong utk anak2 juga harga nya diatas rata2 barbershop Malang. But its OK.,5
"Tempatnya nyaman , bersih , pelayanan bagus dan juga ramah",5
"tempat potong terbaik, hasilnya diatas ekspektasi bgtt",5
"Adem, barber nya ramah",4
Dpt diskon 50% krn bulan kelahiran. Thanks a lot fellas,5
"Tempat potong rambut favorite saya.. Karyawan friendly , tempat bersih , wifi kencang , hasil potong memuaskan ,dan sesuai dgn hrga",5
"Datang duduk, pulang ganteng!",5
Antar suami potong rambut disini. Padahal cm antri 1 tapi lamaa bgtt kapsternya kebanyakan ngobrol,3
Hasil potong nya ok banget dan tempatnya nyanyaman,5
Recommended bgt dah tmpatnya bersih orangnya ramah2,5
"Tukang cukur itu luar biasaa..., Fasilitas bagus sekalii membuat pelanggan nyaman sekali, tenaang..",5
"barbershop paling mantap di area suhat, harga dan service nya semua mantap dan sepadan... gak rugi dan nyaman banget...",5
"Bagus, sekarang sistem anggotanya berubah kayaknya pake kartu yang lebuh jelas, semoga ga kayak dulu lagi sistemnya. Harga terjangkau",4
Salah satu barbershop terbaik di Kota Malang. Anda akan diberikan pelayanan potong rambut terbaik dari ahlinya.,5
Tempat potong rambut yg ramah dan full service,5
Barbershop yg bagi saya pelayanannya sgt baik & hsl ptg rambutnya rapi..,5
"Tempat potong favorit, harga terjangkau dan servis yang cukup mewah. Barber favorit saya adalah Mas Rizky.",4
"Tempat potong rambut yg bagus, pelayanannya  profesional....",5
"Comfy, kursi jadi agak kurang banyak karna sesuai protokol",5
Quite expensive buat sekelas barbershop. Tapi pelayanan dan tempat ga bisa bohong.,5
"Hasil Cutting& Styling OKe & Service Memuaskan , dpt Kopi Gratis",5
"Barbernya profesional, pelayanan ramah, hasil potongan sangat memuaskan.",5
Harga sesuai sama kualitas,5
Cozy barber shop..cuma kadang parkir agak susah juga karena terbatas.,4
lmyn,1
Selalu kesini kalau lagi di malang,5
uda g perlu diragukan lagi..mau yg disuhat apa di retawu y magnifico,5
Tempat yang sangat nyaman buat potong rambut,5
"Tempat bagus utk potong rambut, pelayanan juga ramah, cozy banget",5
"Kesini g pernah milih barber, semuanya oke oke kalo motong",5
Tempat potong rambut yang nyaman dan punya hair stylist yang baik,5
Datang kesini karena sering ngopi di Talk Kopi Soehat,5
Puas banget sama pelayanan nya dan hasilnya juga memuaskan,5
Tempatnya unik dan pelayanannya sangatmemuaskan,5
Hairstylist nya ramah dan banyak treatment yg bisa dimanfaatkan,5
"Tulisan tutup jam 9 mau potong jam set 9 gabisa, tutup aja tuh tempatt",1
"konsep ok, kerapian hasil ok, ruang tunggu tanpa wifi, sofa kurang cozy.",3
Bagus,5
jika ingin potong minta dengan mas rizky potongannya sangat rapi mantulllll,5
"Nuansa tempatnya elegan, pelayanan bagus",4
Barber yang mengerti keinginan orang tua,5
Cozzy n nyaman....sesuai dengan harganya,5
Pelayanan mantap.. dpt minum jg .,5
"So far the best di Malang, barber nya juga ramah- ramah",5
Bersih dan hasil rapi,5
Barbershop yang bersih dan nyaman. Protokol covid juga dilaksanakan,5
Nice place... Ramah banget personnya...,5
Tempat potong rambut terbaik yg pernah ada,5
Pelayanan premium. Ramah. Mantap,5
Tempat potong terbaik. langganan nih,5
barber terbaik di malang,5
Pulang kerja terus cukur rambut disini jadi rileks,5
"professional barber, worth it, pelayanan ramah",5
Pelayanan bagus harga terjangkau,5
Tempatnya nyaman dan pelayanannya luar biasa,5
Selalu puas dengan hasilnya,5
Hasilnya bagus tempat nyaman pelayanan baik,4
Favorite gwa untuk shafing bener bener TOP bgt,5
Tempat favorite sy u potong rambut,5
Cukup profesional... tempat nyaman banget.,5
Tukang cukurnya kurang pengalaman dan jiwa seni,3
Tempat potong rambut terbaik,5
"Barbershop yg gaul dan hasil terbaik,",5
Harga sesuai dengan servis...istimewa..,5
Pelayanannya top,5
Sangat memuaskan.....,5
tempat nyaman bersih hasil lumayan,4
tempat potong langganan selain yg di Retawu...,4
"Cerdas, berpengalaman, bisa memahami dan good service!",5
mantap dah recommended,5
Ada harga ada kualitas,5
barber paling mantap yang pernah tak datangi,5
Tempatnya nyaman pelayanan juara,5
Barbershop langganan..kualitas mantab.,5
Keren bersih ramah,5
Bagus rapi,4
Harga sebanding sama kualitasnya,5
Pelayanan berkelas,5
Langganan. Anakku juga suka potong disini,5
"Tempat ok , hasil cukur kurang ok",1
Tempat nyaman dan relatif murah,5
"Mantap, pelayanan yg memuaskan,",5
Rapi abis,4
"Mantab dah hasilnya, tempatnya keren",5
Rapi..,5
Hasil potonga bagus tempat nyaman,5
Lama banget antriannya..,1
Tempatnya keren,5
"Tempatnya santai, asik, dan nyaman",5
Enak buat potong rambut,5
"Rapi, nyaman, pelayanan ramah",5
Puas banget,5
Cukur rambutmu disini,5
Memuaskan,5
Potongannya bagus dan profesional,5
Hasil sangat memuaskan,5
"potongan bagus, barberman ramah",5
Nuansa dan pemotongnya sipp,4
Tetap yg terbaik dari yg terbaik,5
Barbershop paling oke di Malang,5
Langganan,5
"Tempat nyaman, cepat, rapih",4
hasil potongan sesuai,5
Paling mantab.,5
Rapi,5
cuma lewat,3
Gak goodfellas gak ganteng,5
Bagus,5
Bagus,5
Berkualitas,5
Cozy disini,5
Brrkulitas,5
Profesional,5
Td siang ngetes yg reguler . Oke gue ngerti kalo pun agak kurang paham . ASAL NANYA !!! Jgn sok ngerti (kaca mataan orang nya ) gaya rambut nya ga paham t*i gileeee kese bat . Padahal udah di bilangin potong gini . Ikutin model lama . Tinggal tipisin . Eh asal ngambil anjir mana gue mau kondangan kapokkkkkkkkkk !!!!!!!!!  Jadi kek anak PUNK  malu gue !!!!! Untung ada topi ngehe,1
Layanan hebat. Tukang cukur bahkan menawari saya teh panas. Membuat saya berbuka puasa 2 jam sebelumnya. Tapi itu pada saya.,5
"biasanya potong rambut di sini, dan ini adalah pengalaman dan potong rambut yang bagus. tetapi kasir menugaskan saya dengan tukang cukur senior tanpa sepengetahuan saya dan tanpa memberikan informasi bahwa akan ada biaya tambahan. mereka menjual terlalu mahal saya hampir 2x dari harga biasa. dan manajer tidak dapat menyelesaikan masalah ini juga.ini adalah tempat pangkas rambut yang bagus, tetapi berhati-hatilah dari praktik buruk ini. kalau saja mereka memberi tahu saya sebelumnya, tidak masalah jika saya harus membayar ekstra. agak kecewa dengan pengalamannya. tapi potongan rambutnya bagus",1
"Salah satu barbershop terbaik di kota, para capster sangat ramah dan sangat menyenangkan untuk diajak bicara, layanan pelanggan secara keseluruhan sangat baik. Mereka memiliki lebih banyak layanan selain hanya potong rambut, semuanya sangat direkomendasikan, Anda harus mencoba penyegaran wajah yang merupakan versi nama keren dari ""totok wajah"". Mereka juga memijat Anda di ujung potongan rambut Anda, yang ini subjektif tetapi setiap capster memiliki ""tekanan"" yang berbeda dalam pijatan mereka. Harga yang cukup layak untuk potong rambut bulanan. Mereka juga bisa datang ke tempat Anda untuk potong rambut jika Anda tidak punya waktu atau tidak bisa datang ke toko mereka, tentunya sudah termasuk harga tambahan. Layanan hebat, hasil luar biasa!",5
"Staf yang ramah dan membantu, tempat terlihat bagus dan bersih. Bernilai uang",5
Saya Anggota dan saya selalu puas dengan layanannya..pasti akan datang lagi... Harganya sedikit mahal jika Anda mencoba mencari barbershop hanya untuk potongan cepat..tetapi jika Anda mencari barbershop yang bagus untuk datang ..dan tukang cukur yang baik yang dapat Berkomunikasi dengan baik dengan Anda tentang apa yang Anda inginkan..maka ini jelas merupakan tempat yang baik untuk,5
"Saya tidak pernah kecewa karena rambut saya dipotong di sini! Harganya juga sangat terjangkau; kurang dari 100K IDR. Saya tidak berpikir ada tempat pangkas rambut yang akan memberi Anda secangkir teh / kopi, pencuci rambut, tonik rambut, dan pijat dengan biaya yang sangat berharga. Tukang cukur sangat baik dan terbuka untuk saran. Ini adalah salah satu tempat pangkas rambut terbaik di kota dan saya sangat menyarankan semua anak laki-laki untuk potong rambut di sini!",5
"Layanan Sangat Bagus, Tukang Cukur Besar, Tempat Duduk Nyaman, semua dengan harga sedang. Sangat direkomendasikan",5
Tempat pangkas rambut yang bersih dan aman. Anda dapat memilih tukang cukur yang Anda suka. Membentuk rambut yang sangat andal dan sangat cerdas. Tukang cukur rambut bergaya.,5
Staf terlatih,5
Tempat bagus dan nyaman. Staf yang ramah. Nilai bagus.,5
"Capster terlatih dengan baik, ramah, dan pekerjaannya rapi.",5
Terbaik,5
Tempat sempurna untuk memotong rambut pacar saya.,5
Hands down barbershop terbaik di Malang ...,5
Tks to: Barbermen Huda ... Anda Barbermen yang baik ... ğŸ‘ğŸ‘ğŸ‘,5
Tempat pangkas rambut yang sempurna dan direkomendasikan,5
Pria tukang cukur yang sangat nyaman dan baik,5
Toko tukang cukur yang sangat bagus,5
Layanan sangat bagus dan tempat yang nyaman,5
"Tempat nyaman, pelayanan bagus, dan potongan rambut bagus",5
Layanan hebat.,4
"Pelanggan pertama kali, sangat puas!",5
Toko cukur yang direkomendasikan dan layanan yang baik,5
layanan yang sangat bagus,5
"layanan ramah, cepat, kamar bersih",5
"Orang-orang baik, potong rambut bagus",5
Pangkas rambut terbaik di kota,5
Atasan terbaik,5
terbaik,5
Potongan yang bagus,5
Barbershop keren,4
Kerja bagus dan layanan,5
Pangkas rambut terbaik di kota,4
Tempat yang bagus dan nyaman,5
Tempat favoritku..,5
Bagus,5
Tempat yang bagus untuk potong rambut,5
Tempat yang bagus,5
Bagus,4
Bagus,5
Mantap,5
Layanan cepat,4
Suasana yang lebih baik,5
Tempat pangkas favorit,5
Bagus,5
Sudah menunggu lebih dari 2 jam antri. Namun kualiatas potongan kurang sesuai. Kapster sudah berbeda. Padahal dulu hasil potongan rambutnya memuaskan.,3
"Tempat lebih bersih, menunggu lebih nyaman. full music, mas ang motong komunikatif, bisa pilih model apalagi yang mau motongin anak yg rambutnya udah gondrong , top",4
"Coolio Barbershop tempat potong yang asik tempatnya bersih, dengan pengharum ruangan, yg interiornya anak muda banget lah, ada pomade dan hair tonic jg, hasil cukur jg bagus, coba aja langsung datang dan buktikan sendiri, untuk hairstyle jg bisa konsul sama barberman yg bisa disesuaiin dg face dan jenis rambut kamu, dan tentunya mantab kaleeee... Biar tambah semangat follow ig reviewer jg di @rizalchoiril dan share, comment, like, boleh jg endorse untuk promotion your place, thanks",5
Suami saya sih cocok ,5
"Tempatnya bagus, harga hanya 30 ribu kalian akan mendapatkan treatment: potong rambut, keramas, hairdryer, vitamin rambut, pijat, dan pomade. Hasilnya juga bagus, apalagi kalau mau keramas tidak perlu pindah tempat karena hanya dibalik kursi ny, kita bisa langsung di keramasin rambut nya",5
"Gila kasar banget motongnya kek grusah grusuh, udah di bilang jangan kependekan malah di potong cepak :)",1
"Harganya 35ribu buat umum 30ribu buat pelajar. Disini juga ada creambath 30ribu, shaving dan masker wajah. Disini juga jual pomade mulai 65ribu sampe 135ribu sama vitamin rambut yang biasanya warna hijau itu 35ribu. Pelayanannya cukup ramah. Seragam crewnya kece, ada kaos gambar gambar epic pokoknya. Kebetulan punya kapster tetap disini, udah ganti kapster 2kali dan ini yang kedua karena sebelumnya pindah ke cabang lain. Udah nyaman sama kapster yang ini karena berpengalaman kayak jam terbangnya itu udah tinggi gitu, selalu nurut sama gaya rambut yang kita mau bahkan sering ganti ganti gaya tapi juga gak sungkan buat ngarahin bagus atau enggaknya. Semoga kapsternya gak pindah lagi ke cabang lainnya. Tempatnya bersih dan epic banget terutama dekorasinya cozy banget. Kadang ruangannya wangi tapi kayak wangi bayi jadi gak suka. Sofanya juga nyaman malah kadang yang nganter potong sampai ketiduran sambil duduk saking nyamannya. Fasilitasnya super lengkap. Full AC, full music, tivi kabel. Kadang sampe dingin banget terutama kalo siang siang panas bakal enak banget buat potong abis selesai potong dikeramasin airnya dingin makin seger dah. Terus musiknya biasanya muter dari Joox, Spotify atau Youtube barengan juga sama tivinya nyala jadi bakal rame banget. Ada toiletnya dan bersih. Jadi jangan lupa jaga kebersihan ya.",5
"Sering kesini. Cuman ga enaknya lama nunggu. Kasihan yang harus nunggu 4 orang ternyata yg motong 1 orang. Yaa sekitar rata"" menghabiskan waktu 20 menit sekali potong rambut",4
Pelayanan kurang ramah untuk mbak mbak kasirnya. Judes banget orangnya. Tapi untuk barber nya sangat terampil dan sangat membantu customer menyarankan model rambut yg sesuai dengan bentuk wajah dan jenis rambut. Barbernya juga cekatan. Alat2nya lumayan lengkap dan kondisi barbershop nya bersih dan nyaman. Tempat tunggu juga cukup nyaman. Harga terjangkau.,4
"Tempat bersih , pelayanan yg ramah",5
"gak sesuai sama di contoh, orangnya yang nyukur rada tua pakek topi potongannya jadinya jelek sampek gue botak",1
Sangat nyaman dan hasil cukurannya bauk,5
Tempatnya nyaman. Tapi kalo d sini kan karena harus sesuai bener bener dg keinginan cust jadi biasanya antrinya lama,5
"Hasil potong rambut yang memuaskan dari coolio ini dengan berbagai variasi model rambut bisa diminta disini, juga memiliki potongan harga untuk pelajar dan mahasiswa yang pastinya sangat menguntungkan dan sudah include keramas serta pomade atau hairtonic",5
Tempat nyaman dan pelayanan baik. Tempat parkirnya saja yang terbatas dan mepet jalan raya,3
"Terdapat harga khusus pelajar / mahasiswa yang terjangkau dan harga umum yang normal. Memiliki beberapa paket yang sepadan, dan kualitas service yang memuaskan. Terdapat membership juga !",5
"Kadang dapat yg bener motong nya . Kadang juga acak acakan.. gk fokus ke customer. Lebih banyak ngomong dan celingak celinguk .
Aku harap kedepan nya bisa lagi baik",4
"Tempatnya ber ac, ngerokok diluar, ada tv Dan music, dikasih tau antrian keberapa, parkir gratis, ada harga buat mahasiswa, member 1 tahun untuk sekarang harga member 35k perpanjangan 20k",4
"Model kayak barber lumayan besar, tapi harga masih bisa di kantong pelajar mahasiswa
Mungkin untuk barber nya kualitasnya gk sama. Makanya kadang ada antrian untuk beberapa barber tertentu",4
"Pangkas mayoritas hanya pakai unduk (mesin potong rambut), harga standar barbershop, parkir hanya cukup beberapa motor dan 1 mobil, lokasi persis disebelah Arema Store.",4
sangat kecewa sama yg motong orang nya kurus rambut di warna... Gg sesuai sama model yg diinginkan... Teknik guntingnya tdk profesional asal gunting,1
Hasil cukurnya sangat memuaskan,5
"Tidak bisa mewujudkan model potongan rambut si pelanggan. Saya habis potong di coolio ini rambut saya kaya habis potong di pinggir jalan yang 5k an. Seharusnya harga 35k dapat potongan yang istimewah, tapi disini tidak.  Karyawan yang kurang kemapuan sebaiknya di kursus dulu. Saya sangat tidak puas. Terima kasih",1
member dan recommended buat kalian yang ada di daerah mbetek dan sekitarnyaa,5
"Tolong di jaga kualitasnya, AC gak nyala, potong rambut rasa sauna, Handuk Anget kehabisan Rambut di biarkan basah padahal sudah di tawarin di keringin atau enggak dan sudah di jawab ""di keringin"". Bingung HPne.",2
"nyaman, ber ac, ada wifinya, pelayannya ramah2 dan harga cukup lumayan untuk kelas mahasiswa, hasil cukurnya sangat memuaskan",5
"Hasil potongan rambut memuaskan. Tempatnya nyaman, bersih, dan ber ac. Yang nunggu nggak bosan karena bisa liat tv kabel juga. Pelayanannya ramah. Harga nggak terlalu mahal.",5
Coolio salon adalah Salah satu barbershop favorite saya. Tempat nya sangat nyaman harga nya pun relatif murah 35K/orang. Pokoknya warga Malang bisa banget nih coba potong rambut disini,5
"Nyaman, barber ramah",5
"Selalu puas, dan jangan lupa beli vitamin rambut disini, sangat recommended rambut jadi halus wangi dan lebat hanya dengan 20rb saja",5
Antrian cukup panjang namun pelayanan sangat memuaskan. Ada harga khusus untuk mahasiswa,4
"Hasilnya memuaskan, harga pas di kantong",5
"Puas sama hasilnya, bersih dan nyaman, kang barbernya ramah",5
"Kualitas barber tidak sama, kebetulan dapat  yg grasa-grusu, tidak bersih (rambut masuk2 ke baju)",1
"Harga terjangkau, hasilnya sangat bagus sangat puas, pelayanan oke, barbernya ramah2, reccomended banget buat cobain potong rambut disini",5
Pelayanannya mantul....dan tenaga cukurnya profesional....lokasinya gampang ..pinggir jalan,5
"Bagus untuk haircutnya ,harga 55.000 masker wajah dan haircut",5
"rapih hasilnya, adem tempatnya, kritiknya cuma di barbernya, mungkin sedikit lebih cepat pas proses pangkasnya, agar mengurangi antrian panjang..",4
"Ruang tunggu nyaman, letak dipinggir jalan Raya yang lumayan strategis, pelayanan memuaskan, pegawai (karyawan) rapi dan ramah.",4
"Tempat bagus dan nyaman, hasilnya juga bagus,, ada tempat duduk buat yg antri atau yg lagi nunggu",5
"Barber nya ramah, tempat nyaman disediakan tempat duduk di dalam, ada harga mahasiswa nya lohh",5
"Pelayanannya bagus, pegawai yang ramah, dan hasilnya memuaskan",5
Pangkas rambut yang nyaman dan ekonomis,5
"Enak masnya ramah, tempat tunggunya ada yg bisa untuk merokok",5
Abis potong rambut td siang,4
"Tempatnya nyaman, pelayanan nya bagus, wifi nya kenceng, kamar mandinya juga bersih..",5
Mantap,5
"Langganan sih, terutama di betek
Keren, dan rapi",5
Lokasi strategis nyaman dan fasilitas lengkap. Full AC free Wifi,5
"Pelayanan cepat, ruangan wangi, ada wifi dan TV. Hasil potongan rambut sangat detil.",5
"Hair cutnya rapi, hair stylenya jga epic. Nice:)",5
"Pengen potong rambut khusus nya pria, disini tempatnya. Harganya murah dan terjangkau.",4
"Pelayanannya OK, potongan sesuai permintaan, plus keramas dan pijat",4
Tempat nyaman harga pas mantap,4
"Coolio yang gak rollingan barbernya karena franchise, bukan cabang .",4
"Pelayanan baik, ramah, hasil potong bagus",5
Tmpat nya aman dan nyaman dan hrga nya terjangkau,5
Tempat potong yang enak pelayanan dan suasana,4
Tempat tunggunya nyaman.cuma parkir untuk mobil sangat terbatas,5
"Hasil potongannya memuaskan, pelayanannya jg baik",5
"Batber shop langganan, banyak mahasiswa potong di sini. Ada kartu langganan",4
Cukurnya rapi dah harga bersahabat dengan mahasiswa,5
Tempatnya nyaman dan pegawainya ramah,5
mantab. bener2 ganteng bergaransi!,5
Tempat bersih pelayanan memuaskan,5
"Bagus,indah,bersih,sejuk pokok nya jempol 10",5
Hasil memuaskan harga mahasiswa,5
Salah satu tempat potong rambut terbaik,5
"Tempat bersih dan nyaman, harganya terjangkau.",5
"Bersih, Nyaman, Harga Terjangkau, Pelayanan Ramah",5
seperti barber pada umumnya,4
Pemiliknya sangat ramah,5
Asyikkk...pokoknya...,5
Tempatnya nyaman,5
Hasil potongannya mantap,5
Aku pelanggan tetap lho!,5
Bersih dan nyaman,5
Hasilnya sesuai keinginan,5
Kualitasnya mantap,5
Langganan suamik potong rambut,5
Pelayanannya kurang baik,3
"Mantap,rapihh,bersih,",5
Parkir tepi jalan,3
"Orangnya ramah, dan tanggap",5
mantappp,5
Mantab,5
Nyaman ramah,5
"Murah tapi tidak murahan, good",5
Sippp ini tempat,5
cakep hasilnya,5
Bagus,5
Profesional dan cepat,5
Bagusss,4
Mantul,5
Ganteng Bergaransi,5
potong rambut andalan,5
Mayan,4
Apakah buka jam segini? jam setengah 1 pagi ini tutupnya rapat,1
itu potongan rambut yang bagus dan bersih,4
tempat yang bagus,5
Pangkas langganan saya di Malang sampai tahun terakhir saya. Sangat direkomendasikan karena Anda dapat menanyakan gaya mana yang cocok untuk Anda dan Anda akan mendapatkan hak istimewa untuk siswa dan anggota,5
Bagus,5
Cukup baik,5
Bagus,4
Tempat pangkas rambut yang bagus di kota,5
LIHAT PIC. MEREKA GUNAKAN HONGDAE UNTUK WASH KEPALA ANDA.,2
JOS POKOK E WES,5
Ntaps,4
"tukang cukur langganan, lah atas",5
Bagus untuk anggaran dan gaya yang bagus,5
menyukainya,5
"Tempat yang bagus, potongan yang bagus",5
bagus,5
pangkas rambut terbaik di kota,5
Oke,5
Mantap,5
Oke,5
Tempat asik dengan barbershop,5
Tempat yang bagus,5
tempat pangkas rambut yang bagus,5
Keahlian yang bagus,5
Barbershop profesional,5
"Hasil potongan bagus sesuai request. Harga start 30k smpe 50 k tergantung tinggal pilih aja orang nya. Service juga ok, maa nya ramah2",5
"tempatnya tidak terlalu besar, cukup panas. tetapi untuk pelayanan sangat oke. barbernya ramah dan bisa menyesuaikan potong rambut yang di inginkan. bisa keramas juga. harga tergantung dengen hairdresser.",4
Tempat yang bagus untuk potong rambut. Cocok untuk pria. Lengkap dengan layanan hairwash (keramas/cuci rambut). Harga terjangkau dengan beberapa varian level. Lokasi strategis di pinggir jalan.,4
"Tukang pangkas rambutnya motongnya ngasal, motong rambutnya ga secara detail, cepat banget selesainya, ga diberikan edukasi dulu pada saat memilih gaya rambut apakah cocok apa engga, ga sesuai dengan harga yang di berikan",1
"Sepertinya saya yg berekspektasi terlalu tinggi, yg katanya ""barber"" dg harga cukur 30K, dari cara motongnya udah keliatan barberman kurang profesional, sangat kecewa dg hasilnya, pertama & terakhir potong disini.",1
"Tidak tau model potong rambut, ngasal potong, buru2, kurang rapi, padahal yang harga 45 ribu",1
"Barbershop yang oke dari segi harga, fasilitas dan hasil cukurnya. Ada fasiltas ruang tunggu yang cukup luas dan juga ada wifi gratis di sini dan juga ada tv. Cctv juga disediakan jadi keamanan terjaga. Harga juga relatif murah, mulai 25rb kamu sudah bisa dapet paket lengkap hehe. Barber juga tergolong cukup, jadi antri tidak perlu menunggu terlalu lama. Lokasi mudah dijangkau, sayangnya untuk area parkir terbatas.",4
Overall okey.,4
Mantap yang gak pernah potong rambut kesini ma bakal nyesel ni,5
"Cepet potongnya, gak antri2 bgt",5
"Tidak ada air, harga rp35.000 terlalu mahal untuk haircut yang biasa saja. Tidak sampai 10 menit sudah selesai no recommended",1
"Vintage banget tempatnya, dan banyak pilihan",5
Rada lama banget pelayanannya. Tempat tunggu dan parkirnya kurang syip,3
"Ramaah, harga bervariasi sesuai dengan pengalaman pekerjanya (25-45K). Hasil memuaskan",5
"Harga 35k hasil setara sama pangkas rambut harga 10k, pangkas buru2 , cuci gak bersih, selesai cuci udh d keringin aja tnpa ada styling. Team juga gak ramah.",1
"Baru pertama kali saya datang ke captain karena rekomendasi teman. Katanya si bagus, ya dari segi tempat memang layak. Tapi pelayanan hari ini sangat mengecewakan. yang biasanya saya potong rambut hampir 45 menit. tapi sekelas Captain dengan barberman  yang tidak  profesiona memotong rambut dengan asal-asalan . tidak presisi tidak berbentuk sama sekali.untuk harga 35K tapi hasil yang didapat nihil bahkan saya rasa bukan BARBER tapi PANGKAS ,kurangnya sikap profesionalisme dalam bekerja membuat potong disini kurang puas . saya harap kejadian ini dapat di minimalisir  semoga jauh lebih baik lagi. T",2
Potong ter bagus dgn harga murah. Piliham harga ad yang 40k dan 25k (update tanggal 13/02/2019),5
"Barbershopnya tempatnya udah bagus, nyaman dan ber AC, pokoknya klo masalah tempat udah oke lah Tapi saya mau kritik sedikit tentang barbernya. Awal mula saya kesini waktu hari Rabu/Kamis siang saya pesen yang 25k, minta two block tapi barber nya motong nya kyk buru"" gitu, dan hasilnya poni kependekan malah jadi kyk org culun. Trs yg kedua sy kesini hari Minggu Sore pesen 25k dpt barber yang mantep, suka ngajak ngobrol, edukasi tentang rambut, dan motong nya nyantai gak buru buru. Sy minta comma hair dan hasilnya memuaskan, klo bisa naikin harganya jgn 25k. Trs yang ketiga sy kesini hari Rabu siang dpt barber yg kyk pertama, motongnya juga buru buru, aku minta side part rambutku hancur. Udah gabisa disisir gr"" kependekan, rambut belakang jigrak, Hair line salah. Padahal barbernya udh bilang klo rambutku lurus dan klo kependekan bakal susah diatur. Jadi ragu mau kesini lagi... Terimakasih dan mohon maaf atas kritik saya",3
"Bagus tempatnya bersih, servis nya juga oke",5
Barber shop yang terjangkau dikantong.... tempatnya nyaman cuma free wifi tapi passwordnya ga ditulis. Tempat tunggunya ada gitar jadi enak,4
Kita selalu cocok dengan potongan rambutnya dan barber nya ramah,5
"Barbershop langganan waktu jaman sma sekitar taun 2014-2016. Dulu sih bagus, selalu potong sama mas ronnie kalo ga mas verdy. Trus beberapa taun yg lalu dapet info kalo barber pilihan saya di salon ternama kota malang di cabang matos udh pindah jd barber disini, namanya mas herman. Kapan2 insyaAllah mampir kesini lagi deh hehe",5
"Bagus potongannya, baik pelayannya",5
"Nice cut, cuman langganan ane disini udah keluar stylistnya. Jadi coba beberapa stylist lainnya g cocok ama hasil potongannya, jadi g balik sini lagi. Tempatnya cukup kecil dan ruang tunggunya ada sofa yg cuman muat 3 org saja, ada sofa diluar but not so comfy, but not bad. Tempatnya g ber-ac, but engga panas juga kok, kecuali pas lampu mati lo ya, panas banged. Parkir nya susah kalau bawa mobil, banyak larangaj dilarang parkir di sebelah2nya, motorpun juga agak bahaya parkirnya soalnya di pinggir jalan persis g ada halaman buat parkir.",3
"Pernah 1x potong disini, udah lama ada 2thn lebih waktu tarip masih 25rb. Kurang memuaskan sih, mungkin kebetulan pas dapat barber anyaran. Pengen model (ta tunjukin foto waktu merit), agak kurang yakin sih mas e barberğŸ˜Š. Tapi mungkin juga fotonya kurang bisa nunjukin model dengan detil..its oklah..terus tingkatkan pelayanan dan skill barbernya yah..",3
"Potong rambut dengan harga 35 standart ti motongnya cuman 5 menit dan bener"" gaaturan jadinya rambut gue",1
"Disini hairstylistnya nggak abal2 dan friendly banget, Price mulai 25k, 35k, dan 45k ... Semua tergantung stylishnya, Dan nggak bikin kantong jebul buat sekelas barbershop",5
"Pas dapat barberman yg hasil potongannya gak sesuai yg diinginakan dan kurang ramah. Contohnya gini : yg potong ini suamiku Pas dipotong emng cepet bgt, terkesan terburu2, terus juga pas suamiku bilang ""mas kurang begini"" , tapi barbermennya bilang ""lebih bagus kayak gini aja mas"" ...terus saja begitu jawabnya,  lah masalahnya yg diharapkan suamiku gak sama kayak permintaan, ya sudah jadinya suamiku yg ngalah. Minta tolong diperbaiki pelayanan nya.",2
"Mengecewakan, ganyaman tempatnya",1
Nice pelayanan dewasa maupun anak anak..tlaten rapi dan stylist,5
Pelayanan cepat memuaskan,4
"Pelayanan nya oke banget, udh termasuk menjadi pilihan utama pas mau potong rambut",5
Good... Cepet tapi,5
"dapat barbermannya yg ga niat potong, kesannya buru-buru, ga bisa komunikasi, ga detail dan ga rapi dan ga paham undercut nol. kalau barbershop langganan ga tutup hari ini ga bakal kesini deh, dan hasilnya memang mengecewakan. *two thumbs down",1
"Bisa milih harga 25, 35, dan 45",5
"Potongannya tidak memuaskan cara motongnya ngasal, gak presisi,barbershop terjelek yang pernah saya kunjungi",1
"Pelayanan baik,harga terjangkau,cocok buat anak muda yang mau potong rambut.Best",5
Barber payah. Minta two block malah jelek bgt. Kependekan lg motongnya. Barbershop terburuk yg pernah gw kunjungi,1
bisa milih harga 25/35/40 kalo pgn ga antri ya yg mehel lah yaa..,5
"Salah satu tempat cukur rambut favourit di malang. Selain tempat nya keren , servicenya juga ok. Wajar kalo antri .",5
"Barbershop dengan pelayanan yang baik. Masalah style cukuran ga bisa menilai, karena saya selalu potong gundul.",5
oke bgt,5
"Orangnya gak paham potong undercut gmn, yang sebrlah kanan dibikin tipis",1
"Sangat ramah dengan tempat yang nyaman. Pelayanan cepat dan tidak terasa sempit, padahal memang kecil.",5
Pelayanan ramah n memuaskan top wes,5
Tempat cukur rambut yg bagus.. dgn model dan gaya masa kini.. atau sesuai dengan keinginan anda,5
Nyaman n oke bgt,5
"Tempat potong yang mantab,boleh dicoba",5
"Kebetulan lewat, mampir bentar ,, eh rame, pelayannya ramah, potongannya keren, tempatnya juga bersih , goodğŸ‘ğŸ˜Š",5
Potong agak pendek...boljug,4
Ramah dan bagus dan harga terjangkau . Tempat nya juga vintage gitu deh,4
Pelayanan yang ramah dengan harga minimal serta pegawai yang update style terbaru,4
"pelayanan nya memuaskan, hasil nya juga keren
ga bgtu mahal juga",5
"Keren,rapi wangi tempatnya. yg motong juga rapi"" hasil nya juga bagus boleh di coba",5
Hasil potongnya memuaskan + tukang potongnya ramah pula,5
Kependekan dikit dari yang di contohkan pas kemarin potong. But so far so good,4
"Pelayanannya baik, harga menengah, skill macam newbie",5
"Barber terbaik, orangnya ramah dan menyenangkan dan hasilnya memuaskan",5
Mas ferdy the best barberman disini.. coba aja kalo gak percaya..,5
"Memuaskan dan rekomended, dan org nya juga care bgt",5
"Sudah langganan cocok sm mas gilang, mantap",5
Lumayan nyaman..parkiran aja yg kurang luas,4
"mantab pelayanannya joss ,",5
Selalu menjadi andalan tempat potong rambut tiap bulan,5
mantap,5
Banyak yg vapor an... Padahal saya tidak suka asap,4
langganan sejak smk,5
"Langganan doi as pangkas rambut
Baik, ramah cepat",5
Unik juga ğŸ™‚ğŸ‘ŒğŸ¾ harga bervariasi..,5
tempatnya nyaman dan potongannya mbois sekali,5
Potongannya rapih sesuai permintaan sampai cocok,5
"Orangnya ramah, talkative",5
"pelayanannya ramah, hasilnya bagus",5
Mau potong rambut ya disini tempatnya.,5
Hasil potongnya bagus dan rapi,5
Terbaik joss,5
Sangat profesional dalam pelayanan .,5
Pelayanan bagus tidak tdk mengecewakan,5
"Pelayanan cepat, pegawai ramah dan baik",5
Hasilnya memuaskan,5
Keluar dari captains barbershop dijamin keren,5
"Bagus, tp mahal",5
pelayanan yg tidak memuaskan,1
Tempat cukur nya bagus,5
Bagus potongannya,5
Tempat berpotong rambut riA asoy,4
Memuaskan,5
Coba lah,5
Bagus cutting nyah,4
Haircut berkelas & good place,5
Puas,5
Kesannya gak niat motong,2
Harga mahal hasil ajur,1
Hasil potongnya bagus,4
Langganan,5
Barberman asyik gila...,5
Murah,5
Barber memuaskan,4
Bagus,5
Suka,5
Responsif,5
Mantap,5
nyaman dan profesional,5
Nyaman,5
Potong rambut stylish,5
favorit barbershop,5
Barbershop Andalanku,5
Ini adalah tempat pangkas rambut kecil dan agak gelap bahkan di sore hari. Itu juga bersih dan dilengkapi dengan baik. Tukang cukurnya sangat baik dan berpengalaman. Saya berharap mereka dapat meningkatkan mencuci dan mengeringkan rambut pelanggan. Ada begitu banyak rambut kecil di leher dan di belakang telinga saya. Pria itu juga tidak mengeringkan rambutku sepenuhnya.,4
"Tempatnya nyaman, tukang cukurnya sangat ramah",5
"Jika Anda berada di kota malang dan Anda perlu potong rambut untuk pria, Anda harus mencoba captain barbershop potongan rambut dan gaya rambut itu luar biasa dan luar biasa",5
Bagus,5
Top,5
jossss,5
"Layanan cepat tetapi dengan potongan kualitas yang baik. Harga ok, para staf bagus tapi sedikit tidak terkoordinasi",4
Saya sudah di sini sekitar 3 kali dan tidak pernah kecewa,5
Tempat di mana Anda bisa mendapatkan pengalaman memotong rambut yang luar biasa !!!!,5
Pangkas rambut terbaik. Layanan sangat baik dengan harga bagus.,5
tukang cukur yang ramah!,4
Cukup bagus,5
Toko tukang cukur favorit saya di malang,3
Mantap ,5
Bagus,5
Bagus,5
pelayanan yang baik,3
Mantap,4
Tukang cukur yang bagus,5
Langganan saya,5
Pangkas profesional,5